race_id,cycle,senate_class,state,election_type,election_date,market_id,token_id,outcome_label,orientation,candidate,party,incumbency,expected_vote_margin,polling_average,state_partisanship,unresolved_through,source_url,reviewed
2024-AZ-class1-general,2024,1,AZ,general,2024-11-05,500614,104418202650000003466724307383826189852812346194106831978945737070954365347089,Yes,identity,,Democratic,,,,,,https://gamma-api.polymarket.com/markets/500614,true
2024-CA-class1-general,2024,1,CA,general,2024-11-05,500659,2695726586738718230894645767917466069518735294646953390155566805025180622481,Yes,identity,,Democratic,,,,,,https://gamma-api.polymarket.com/markets/500659,true
2024-CT-class1-general,2024,1,CT,general,2024-11-05,500721,109605773930177372724637281414127965080505813476694561713552409007158748496368,Yes,identity,,Democratic,,,,,,https://gamma-api.polymarket.com/markets/500721,true
2024-DE-class1-general,2024,1,DE,general,2024-11-05,500711,76209162091269748084969228625099021386283183658493191610070330075793648062372,Yes,identity,,Democratic,,,,,,https://gamma-api.polymarket.com/markets/500711,true
2024-FL-class1-general,2024,1,FL,general,2024-11-05,500656,28322143177227145441854220355315280956086678254182591384832153995820927628631,Yes,identity,,Democratic,,,,,,https://gamma-api.polymarket.com/markets/500656,true
2024-HI-class1-general,2024,1,HI,general,2024-11-05,500738,16149645296735365240945183666972063307392605245096948800016592399227596227523,Yes,identity,,Democratic,,,,,,https://gamma-api.polymarket.com/markets/500738,true
2024-IN-class1-general,2024,1,IN,general,2024-11-05,500701,109348791338946069546099152449618021933436165070469668216615616876248391061293,Yes,identity,,Democratic,,,,,,https://gamma-api.polymarket.com/markets/500701,true
2024-MA-class1-general,2024,1,MA,general,2024-11-05,500728,59250706891220970845121790939442557897953771078771873442994882006516240634361,Yes,identity,,Democratic,,,,,,https://gamma-api.polymarket.com/markets/500728,true
2024-MD-class1-general,2024,1,MD,general,2024-11-05,500621,56922618204701880826111709950755781864705968585430778209641365156947864426071,Yes,identity,,Democratic,,,,,,https://gamma-api.polymarket.com/markets/500621,true
2024-ME-class1-general,2024,1,ME,general,2024-11-05,500735,101824502830740436125358454556662244996301869285719725036782200440614316875946,Yes,identity,,Democratic,,,,,,https://gamma-api.polymarket.com/markets/500735,true
2024-MI-class1-general,2024,1,MI,general,2024-11-05,255448,73509254372240515476139823732607455442580306972224926233018397621601981548880,Yes,identity,,Democratic,,,,,,https://gamma-api.polymarket.com/markets/255448,true
2024-MN-class1-general,2024,1,MN,general,2024-11-05,500689,27488528300617620559663724131454119215668318143905657239384222571571015905040,Yes,identity,,Democratic,,,,,,https://gamma-api.polymarket.com/markets/500689,true
2024-MO-class1-general,2024,1,MO,general,2024-11-05,500692,11681413243293497642653449547923330422689729788508114330792154005599279530415,Yes,identity,,Democratic,,,,,,https://gamma-api.polymarket.com/markets/500692,true
2024-MS-class1-general,2024,1,MS,general,2024-11-05,500698,33226333994548864752210591613996233844081633343598911641452259327825510489465,Yes,identity,,Democratic,,,,,,https://gamma-api.polymarket.com/markets/500698,true
2024-MT-class1-general,2024,1,MT,general,2024-11-05,500114,12429576220930741859504926277561309508700114925441068446729319962294959756552,Yes,identity,,Democratic,,,,,,https://gamma-api.polymarket.com/markets/500114,true
2024-ND-class1-general,2024,1,ND,general,2024-11-05,500683,18368739874065593753578592592961884457084022363011191509727081113604859211463,Yes,identity,,Democratic,,,,,,https://gamma-api.polymarket.com/markets/500683,true
2024-NE-class1-general,2024,1,NE,general,2024-11-05,500686,30483040149335985602396674192681000188930864040382653510449732922258305375087,Yes,identity,,Democratic,,,,,,https://gamma-api.polymarket.com/markets/500686,true
2024-NJ-class1-general,2024,1,NJ,general,2024-11-05,500715,7755159013263658660604618254822550107643666160759320133727871856734938829154,Yes,identity,,Democratic,,,,,,https://gamma-api.polymarket.com/markets/500715,true
2024-NM-class1-general,2024,1,NM,general,2024-11-05,500677,16938146364414939808921591970881501334034697643006984597553561036131608062273,Yes,identity,,Democratic,,,,,,https://gamma-api.polymarket.com/markets/500677,true
2024-NV-class1-general,2024,1,NV,general,2024-11-05,500105,67907845702606698787174525606026822541237125710080743620205634926727922648427,Yes,identity,,Democratic,,,,,,https://gamma-api.polymarket.com/markets/500105,true
2024-NY-class1-general,2024,1,NY,general,2024-11-05,500718,21118515069591409376966090541030286586089557947220922227039687364064655176891,Yes,identity,,Democratic,,,,,,https://gamma-api.polymarket.com/markets/500718,true
2024-OH-class1-general,2024,1,OH,general,2024-11-05,500117,30022838802547927838224903337523363836986115360126820340769428661359593309876,Yes,identity,,Democratic,,,,,,https://gamma-api.polymarket.com/markets/500117,true
2024-PA-class1-general,2024,1,PA,general,2024-11-05,500108,58059853537451964777059792095816455340743648080733545719045977017101901211397,Yes,identity,,Democratic,,,,,,https://gamma-api.polymarket.com/markets/500108,true
2024-RI-class1-general,2024,1,RI,general,2024-11-05,500724,108351942906214898140349578733073122757325665555931029847371718077989085707568,Yes,identity,,Democratic,,,,,,https://gamma-api.polymarket.com/markets/500724,true
2024-TN-class1-general,2024,1,TN,general,2024-11-05,500695,16107003557882126839806304338442507020858115782671577081889282851668399418279,Yes,identity,,Democratic,,,,,,https://gamma-api.polymarket.com/markets/500695,true
2024-TX-class1-general,2024,1,TX,general,2024-11-05,500618,95832320252416825727006358385929601913751515647592601287311307535944145476175,Yes,identity,,Democratic,,,,,,https://gamma-api.polymarket.com/markets/500618,true
2024-UT-class1-general,2024,1,UT,general,2024-11-05,500669,113825726791925571778620695221642294450531125081705837587753746419396916880468,Yes,identity,,Democratic,,,,,,https://gamma-api.polymarket.com/markets/500669,true
2024-VA-class1-general,2024,1,VA,general,2024-11-05,500708,59385264563007181959487311780856403557172473702260316277237493372361945927767,Yes,identity,,Democratic,,,,,,https://gamma-api.polymarket.com/markets/500708,true
2024-VT-class1-general,2024,1,VT,general,2024-11-05,500731,33154513952624525651132051161564932788413101543893415549434529374863215529514,Yes,identity,,Democratic,,,,,,https://gamma-api.polymarket.com/markets/500731,true
2024-WA-class1-general,2024,1,WA,general,2024-11-05,500663,24414464454129144915623788317075430155100806501086537607795410752000196176355,Yes,identity,,Democratic,,,,,,https://gamma-api.polymarket.com/markets/500663,true
2024-WI-class1-general,2024,1,WI,general,2024-11-05,500111,34417037318407696118324868181831117887837055169659388676740258202149607125510,Yes,identity,,Democratic,,,,,,https://gamma-api.polymarket.com/markets/500111,true
2024-WV-class1-general,2024,1,WV,general,2024-11-05,500704,80383106225499505463316834436017017603334463925402453223911216346606048018051,Yes,identity,,Democratic,,,,,,https://gamma-api.polymarket.com/markets/500704,true
2024-WY-class1-general,2024,1,WY,general,2024-11-05,500672,57953135863978654201225348375094157845940729124291556662595584399918490503181,Yes,identity,,Democratic,,,,,,https://gamma-api.polymarket.com/markets/500672,true
